<?xml version="1.0" encoding="UTF-8"?><module codename="org.netbeans.modules.ide.ergonomics">
    <module_version install_time="1675960817755" last="true" origin="installer" specification_version="1.47">
        <file crc="3535844926" name="config/Modules/org-apache-tools-ant-module.xml"/>
        <file crc="2732633383" name="config/Modules/org-netbeans-libs-nbjavacapi.xml"/>
        <file crc="1617045149" name="config/Modules/org-netbeans-modules-ant-browsetask.xml"/>
        <file crc="2926265228" name="config/Modules/org-netbeans-modules-ant-debugger.xml"/>
        <file crc="430181907" name="config/Modules/org-netbeans-modules-ant-freeform.xml"/>
        <file crc="1325058980" name="config/Modules/org-netbeans-modules-ant-kit.xml"/>
        <file crc="349681704" name="config/Modules/org-netbeans-modules-apisupport-ant.xml"/>
        <file crc="1683945009" name="config/Modules/org-netbeans-modules-apisupport-installer.xml"/>
        <file crc="2102504277" name="config/Modules/org-netbeans-modules-apisupport-kit.xml"/>
        <file crc="2872464741" name="config/Modules/org-netbeans-modules-apisupport-project.xml"/>
        <file crc="4248916540" name="config/Modules/org-netbeans-modules-apisupport-wizards.xml"/>
        <file crc="1111875098" name="config/Modules/org-netbeans-modules-beans.xml"/>
        <file crc="1770886080" name="config/Modules/org-netbeans-modules-dbschema.xml"/>
        <file crc="2968263510" name="config/Modules/org-netbeans-modules-debugger-jpda-js.xml"/>
        <file crc="1471467961" name="config/Modules/org-netbeans-modules-debugger-jpda-jsui.xml"/>
        <file crc="4074985426" name="config/Modules/org-netbeans-modules-debugger-jpda-kit.xml"/>
        <file crc="692824310" name="config/Modules/org-netbeans-modules-debugger-jpda-truffle.xml"/>
        <file crc="3079232482" name="config/Modules/org-netbeans-modules-debugger-jpda-ui.xml"/>
        <file crc="3317478268" name="config/Modules/org-netbeans-modules-debugger-jpda-visual.xml"/>
        <file crc="4231171412" name="config/Modules/org-netbeans-modules-form-kit.xml"/>
        <file crc="2149447945" name="config/Modules/org-netbeans-modules-form.xml"/>
        <file crc="4191221456" name="config/Modules/org-netbeans-modules-gradle-dists.xml"/>
        <file crc="2082360464" name="config/Modules/org-netbeans-modules-gradle-editor.xml"/>
        <file crc="3689656022" name="config/Modules/org-netbeans-modules-gradle-kit.xml"/>
        <file crc="2690620244" name="config/Modules/org-netbeans-modules-i18n.xml"/>
        <file crc="2466890689" name="config/Modules/org-netbeans-modules-ide-ergonomics.xml"/>
        <file crc="615611352" name="config/Modules/org-netbeans-modules-j2ee-eclipselinkmodelgen.xml"/>
        <file crc="1122680342" name="config/Modules/org-netbeans-modules-j2ee-jpa-refactoring.xml"/>
        <file crc="996785703" name="config/Modules/org-netbeans-modules-j2ee-jpa-verification.xml"/>
        <file crc="4089599921" name="config/Modules/org-netbeans-modules-j2ee-metadata-model-support.xml"/>
        <file crc="2564466058" name="config/Modules/org-netbeans-modules-j2ee-metadata.xml"/>
        <file crc="3338123611" name="config/Modules/org-netbeans-modules-j2ee-persistence-kit.xml"/>
        <file crc="1032177092" name="config/Modules/org-netbeans-modules-j2ee-persistence.xml"/>
        <file crc="4090689443" name="config/Modules/org-netbeans-modules-j2ee-persistenceapi.xml"/>
        <file crc="1266011638" name="config/Modules/org-netbeans-modules-java-debug.xml"/>
        <file crc="2183467187" name="config/Modules/org-netbeans-modules-java-editor.xml"/>
        <file crc="3110088251" name="config/Modules/org-netbeans-modules-java-examples.xml"/>
        <file crc="1746086231" name="config/Modules/org-netbeans-modules-java-freeform.xml"/>
        <file crc="2887125608" name="config/Modules/org-netbeans-modules-java-graph.xml"/>
        <file crc="2528978108" name="config/Modules/org-netbeans-modules-java-hints-declarative.xml"/>
        <file crc="3536685754" name="config/Modules/org-netbeans-modules-java-hints-ui.xml"/>
        <file crc="3053274738" name="config/Modules/org-netbeans-modules-java-hints.xml"/>
        <file crc="2114573920" name="config/Modules/org-netbeans-modules-java-j2sedeploy.xml"/>
        <file crc="1071121987" name="config/Modules/org-netbeans-modules-java-j2seembedded.xml"/>
        <file crc="2167160477" name="config/Modules/org-netbeans-modules-java-j2semodule.xml"/>
        <file crc="2351582043" name="config/Modules/org-netbeans-modules-java-j2seplatform.xml"/>
        <file crc="3954023465" name="config/Modules/org-netbeans-modules-java-j2seprofiles.xml"/>
        <file crc="4139191243" name="config/Modules/org-netbeans-modules-java-j2seproject.xml"/>
        <file crc="510433324" name="config/Modules/org-netbeans-modules-java-kit.xml"/>
        <file crc="2824584854" name="config/Modules/org-netbeans-modules-java-lsp-server.xml"/>
        <file crc="912196229" name="config/Modules/org-netbeans-modules-java-module-graph.xml"/>
        <file crc="2189010486" name="config/Modules/org-netbeans-modules-java-mx-project.xml"/>
        <file crc="259279837" name="config/Modules/org-netbeans-modules-java-nativeimage-debugger.xml"/>
        <file crc="3512685901" name="config/Modules/org-netbeans-modules-java-navigation.xml"/>
        <file crc="3969935613" name="config/Modules/org-netbeans-modules-java-openjdk-project.xml"/>
        <file crc="2122222574" name="config/Modules/org-netbeans-modules-java-source-ant.xml"/>
        <file crc="2433005956" name="config/Modules/org-netbeans-modules-java-source.xml"/>
        <file crc="2988635708" name="config/Modules/org-netbeans-modules-java-sourceui.xml"/>
        <file crc="2198796480" name="config/Modules/org-netbeans-modules-javadoc.xml"/>
        <file crc="1468647981" name="config/Modules/org-netbeans-modules-javaee-injection.xml"/>
        <file crc="2908810702" name="config/Modules/org-netbeans-modules-javafx2-editor.xml"/>
        <file crc="2977097385" name="config/Modules/org-netbeans-modules-javafx2-kit.xml"/>
        <file crc="2077589441" name="config/Modules/org-netbeans-modules-javafx2-platform.xml"/>
        <file crc="770238517" name="config/Modules/org-netbeans-modules-javafx2-project.xml"/>
        <file crc="2285217611" name="config/Modules/org-netbeans-modules-javafx2-samples.xml"/>
        <file crc="3073364608" name="config/Modules/org-netbeans-modules-javafx2-scenebuilder.xml"/>
        <file crc="4221679877" name="config/Modules/org-netbeans-modules-javawebstart.xml"/>
        <file crc="4183216983" name="config/Modules/org-netbeans-modules-kotlin-editor.xml"/>
        <file crc="3748173731" name="config/Modules/org-netbeans-modules-languages-antlr.xml"/>
        <file crc="2386151412" name="config/Modules/org-netbeans-modules-libs-gradle.xml"/>
        <file crc="3052139365" name="config/Modules/org-netbeans-modules-maven-checkstyle.xml"/>
        <file crc="1149052535" name="config/Modules/org-netbeans-modules-maven-coverage.xml"/>
        <file crc="2560334449" name="config/Modules/org-netbeans-modules-maven-grammar.xml"/>
        <file crc="450221575" name="config/Modules/org-netbeans-modules-maven-graph.xml"/>
        <file crc="1431932310" name="config/Modules/org-netbeans-modules-maven-kit.xml"/>
        <file crc="1456427450" name="config/Modules/org-netbeans-modules-maven-osgi.xml"/>
        <file crc="3598387548" name="config/Modules/org-netbeans-modules-maven-refactoring.xml"/>
        <file crc="2343765796" name="config/Modules/org-netbeans-modules-maven-repository.xml"/>
        <file crc="736388720" name="config/Modules/org-netbeans-modules-maven.xml"/>
        <file crc="1648207514" name="config/Modules/org-netbeans-modules-nashorn-execution.xml"/>
        <file crc="3755509102" name="config/Modules/org-netbeans-modules-options-java.xml"/>
        <file crc="4085721870" name="config/Modules/org-netbeans-modules-profiler-heapwalker.xml"/>
        <file crc="29546492" name="config/Modules/org-netbeans-modules-profiler-kit.xml"/>
        <file crc="1793724933" name="config/Modules/org-netbeans-modules-profiler-nbimpl.xml"/>
        <file crc="1977246401" name="config/Modules/org-netbeans-modules-profiler-options.xml"/>
        <file crc="2003062668" name="config/Modules/org-netbeans-modules-profiler-oql-language.xml"/>
        <file crc="1882054375" name="config/Modules/org-netbeans-modules-profiler-snaptracer.xml"/>
        <file crc="3856935503" name="config/Modules/org-netbeans-modules-projectimport-eclipse-core.xml"/>
        <file crc="1209069373" name="config/Modules/org-netbeans-modules-refactoring-java.xml"/>
        <file crc="2120487241" name="config/Modules/org-netbeans-modules-spring-beans.xml"/>
        <file crc="382117758" name="config/Modules/org-netbeans-modules-timers.xml"/>
        <file crc="327138580" name="config/Modules/org-netbeans-modules-websvc-jaxwsmodelapi.xml"/>
        <file crc="1239155711" name="config/Modules/org-netbeans-modules-websvc-saas-api.xml"/>
        <file crc="263369992" name="config/Modules/org-netbeans-modules-websvc-saas-codegen.xml"/>
        <file crc="3493052695" name="config/Modules/org-netbeans-modules-websvc-saas-kit.xml"/>
        <file crc="2203513427" name="config/Modules/org-netbeans-modules-websvc-saas-ui.xml"/>
        <file crc="2487084630" name="config/Modules/org-netbeans-modules-xml-jaxb.xml"/>
        <file crc="769021491" name="config/Modules/org-netbeans-modules-xml-tools-java.xml"/>
        <file crc="3901130572" name="modules/org-netbeans-modules-ide-ergonomics.jar"/>
    </module_version>
</module>
