<?xml version="1.0" encoding="UTF-8"?><module codename="org.netbeans.libs.javafx.macosx">
    <module_version install_time="1675960801324" last="true" origin="installer" specification_version="17.7">
        <file crc="1154540305" name="config/Modules/org-netbeans-libs-javafx-macosx.xml"/>
        <file crc="1547888292" name="modules/ext/javafx-base-17-mac.jar"/>
        <file crc="563775693" name="modules/ext/javafx-base-17-mac.jar.external"/>
        <file crc="3302120630" name="modules/ext/javafx-controls-17-mac.jar"/>
        <file crc="1865952909" name="modules/ext/javafx-controls-17-mac.jar.external"/>
        <file crc="86241164" name="modules/ext/javafx-graphics-17-mac.jar"/>
        <file crc="366597836" name="modules/ext/javafx-graphics-17-mac.jar.external"/>
        <file crc="4103086483" name="modules/ext/javafx-media-17-mac.jar"/>
        <file crc="3703126334" name="modules/ext/javafx-media-17-mac.jar.external"/>
        <file crc="3386812390" name="modules/ext/javafx-swing-17-mac.jar"/>
        <file crc="3057234897" name="modules/ext/javafx-swing-17-mac.jar.external"/>
        <file crc="3394508059" name="modules/ext/javafx-web-17-mac.jar"/>
        <file crc="3670792062" name="modules/ext/javafx-web-17-mac.jar.external"/>
        <file crc="1809753685" name="modules/org-netbeans-libs-javafx-macosx.jar"/>
    </module_version>
</module>
