<?xml version="1.0" encoding="UTF-8"?><module codename="org.netbeans.libs.javafx.linux">
    <module_version install_time="1675960800808" last="true" origin="installer" specification_version="17.7">
        <file crc="680246276" name="config/Modules/org-netbeans-libs-javafx-linux.xml"/>
        <file crc="3314879537" name="modules/ext/javafx-base-17-linux.jar"/>
        <file crc="3170437907" name="modules/ext/javafx-base-17-linux.jar.external"/>
        <file crc="4280438415" name="modules/ext/javafx-controls-17-linux.jar"/>
        <file crc="1068900824" name="modules/ext/javafx-controls-17-linux.jar.external"/>
        <file crc="2057874440" name="modules/ext/javafx-graphics-17-linux.jar"/>
        <file crc="3158408130" name="modules/ext/javafx-graphics-17-linux.jar.external"/>
        <file crc="3193818180" name="modules/ext/javafx-media-17-linux.jar"/>
        <file crc="3057825610" name="modules/ext/javafx-media-17-linux.jar.external"/>
        <file crc="1100138927" name="modules/ext/javafx-swing-17-linux.jar"/>
        <file crc="3116466286" name="modules/ext/javafx-swing-17-linux.jar.external"/>
        <file crc="2692122387" name="modules/ext/javafx-web-17-linux.jar"/>
        <file crc="3100684739" name="modules/ext/javafx-web-17-linux.jar.external"/>
        <file crc="379402179" name="modules/org-netbeans-libs-javafx-linux.jar"/>
    </module_version>
</module>
