<?xml version="1.0" encoding="UTF-8"?><module codename="org.netbeans.libs.javafx.win">
    <module_version install_time="1675960801761" last="true" origin="installer" specification_version="17.7">
        <file crc="2634565923" name="config/Modules/org-netbeans-libs-javafx-win.xml"/>
        <file crc="3311535865" name="modules/ext/javafx-base-17-win.jar"/>
        <file crc="763051097" name="modules/ext/javafx-base-17-win.jar.external"/>
        <file crc="1670993613" name="modules/ext/javafx-controls-17-win.jar"/>
        <file crc="1995184531" name="modules/ext/javafx-controls-17-win.jar.external"/>
        <file crc="2830083584" name="modules/ext/javafx-graphics-17-win.jar"/>
        <file crc="3024505417" name="modules/ext/javafx-graphics-17-win.jar.external"/>
        <file crc="3702077464" name="modules/ext/javafx-media-17-win.jar"/>
        <file crc="1253486371" name="modules/ext/javafx-media-17-win.jar.external"/>
        <file crc="2620345753" name="modules/ext/javafx-swing-17-win.jar"/>
        <file crc="3558664035" name="modules/ext/javafx-swing-17-win.jar.external"/>
        <file crc="268957919" name="modules/ext/javafx-web-17-win.jar"/>
        <file crc="2003807944" name="modules/ext/javafx-web-17-win.jar.external"/>
        <file crc="1948221362" name="modules/org-netbeans-libs-javafx-win.jar"/>
    </module_version>
</module>
