<?xml version="1.0" encoding="UTF-8"?><module codename="org.netbeans.modules.ide.branding/1">
    <module_version install_time="1675960798686" last="true" origin="installer" specification_version="1.52">
        <file crc="2739271892" name="config/Modules/org-netbeans-modules-ide-branding.xml"/>
        <file crc="3174295720" name="core/locale/core_nb.jar"/>
        <file crc="1479357230" name="modules/ext/locale/updater_nb.jar"/>
        <file crc="1431138892" name="modules/locale/org-netbeans-core-netigso_nb.jar"/>
        <file crc="3432604014" name="modules/locale/org-netbeans-core-ui_nb.jar"/>
        <file crc="863539736" name="modules/locale/org-netbeans-core-windows_nb.jar"/>
        <file crc="393878563" name="modules/locale/org-netbeans-core_nb.jar"/>
        <file crc="2556443984" name="modules/locale/org-netbeans-modules-autoupdate-ui_nb.jar"/>
        <file crc="2856208548" name="modules/locale/org-netbeans-modules-options-api_nb.jar"/>
        <file crc="3768253115" name="modules/locale/org-netbeans-modules-uihandler_nb.jar"/>
        <file crc="4014749440" name="modules/locale/org-netbeans-spi-quicksearch_nb.jar"/>
        <file crc="1580543908" name="modules/locale/org-netbeans-swing-plaf_nb.jar"/>
        <file crc="3545719539" name="modules/org-netbeans-modules-ide-branding.jar"/>
        <file crc="1557520548" name="netbeans.icns"/>
        <file crc="1700504758" name="netbeans.png"/>
        <file crc="1864553960" name="shortcuts.pdf"/>
        <file crc="1848947865" name="shortcuts_mac.pdf"/>
    </module_version>
</module>
